NumberofGenes	Anova	Friedman	Statmodel	PartialCorrelation	Correlation
7738	585.3223982	666.7558525	357.4568653	7235.4410621	66.1465823
